[
    {
        "id": 1,
        "name": "Etherum",
        "price": "1768.99",
        "image": "https://crypto.marketswiki.com/images/4/4f/Ethereum_logo.jpg",
        "description": "Ethereum es una plataforma descentralizada basada en blockchain que permite la creación de aplicaciones descentralizadas y contratos inteligentes, y utiliza su propia criptomoneda llamada ether como medio de intercambio en la red."
    },
    {
        "id": 2,
        "name": "Bitcoin",
        "price": "27835.99",
        "image": "https://static.vecteezy.com/system/resources/previews/008/505/801/original/bitcoin-logo-color-illustration-png.png",
        "description": "Bitcoin es una criptomoneda, un tipo de activo digital diseñado para funcionar como medio de intercambio que utiliza criptografía fuerte para asegurar las transacciones, controlar la creación de unidades adicionales y verificar la transferencia de activos."
    },
    {
        "id": 3,
        "name": "Cardano",
        "price": "0.3703",
        "image": "https://cryptologos.cc/logos/cardano-ada-logo.png",
        "description": "Cardano es una plataforma de código abierto que permite a los desarrolladores crear aplicaciones descentralizadas (dApps) y contratos inteligentes que se ejecutan en una red blockchain."
    },
    {
        "id": 4,
        "name": "ApeCoin",
        "price": "4.0049",
        "image": "https://thegivingblock.com/wp-content/uploads/2022/03/APECOIN.png",
        "description": "ApeCoin es una criptomoneda que se lanzó en 2021. ApeCoin tiene una oferta circulante total de 100.000.000 monedas y un volumen de negociación de $ 0 en 24 horas. ApeCoin se negocia en 1 intercambios activos y 1 mercados activos en este momento. ApeCoin tiene una capitalización de mercado de $ 0. El máximo de oferta es de 100.000.000 monedas."
    },
    {
        "id": 5,
        "name": "Litecoin",
        "price": "87.65",
        "image": "https://pixlok.com/wp-content/uploads/2022/01/Litecoin-Logo-PNG-psjkcd.jpg",
        "description": "Litecoin es una criptomoneda peer-to-peer que utiliza el protocolo de código abierto Scrypt como prueba de trabajo, lo que permite la minería con hardware de CPU común."
    },
    {
        "id": 5,
        "name": "DogeCoin",
        "price": "104.99",
        "image": "https://cryptologos.cc/logos/dogecoin-doge-logo.png",
        "description": "Dogecoin es una criptomoneda basada en el código abierto lanzada en 2013 que se inspiró en el meme de Internet Doge. Dogecoin es una criptomoneda de tipo Scrypt que utiliza el algoritmo de prueba de trabajo de Hashimoto."
    }
]